,Unnamed: 0,Item,Category,Vendor,Sale Price,Stock Status
0,0,Smartphone 1,Electronics,ElectroWorld,522.74,In Stock
1,1,Smartphone 1,Electronics,MantaElectronics,1316.25,In Stock
2,2,Smartphone 1,Electronics,GadgetUniverse,365.8,In Stock
3,3,Smartphone 1,Electronics,TechGiant,605.8,Low Stock
4,4,Smartphone 1,Electronics,TechSphere,517.26,Low Stock
5,5,Laptop 1,Electronics,GadgetUniverse,1258.5,In Stock
6,6,Laptop 1,Electronics,MantaElectronics,1389.0,Low Stock
7,7,Laptop 1,Electronics,TechGiant,176.7,Out of Stock
8,8,Laptop 1,Electronics,TechSphere,838.4,In Stock
9,9,Laptop 1,Electronics,ElectroBuddy,833.34,Out of Stock
10,10,Headphones 1,Accessories,GadgetUniverse,1300.93,In Stock
11,11,Headphones 1,Accessories,TechSphere,184.44,In Stock
12,12,Headphones 1,Accessories,Innovatech,426.25,Low Stock
13,13,Headphones 1,Accessories,ElectroWorld,358.05,Out of Stock
14,14,Headphones 1,Accessories,ElectroBuddy,742.54,Low Stock
15,15,Camera 1,Electronics,TechGiant,308.88,Low Stock
16,16,Camera 1,Electronics,TechSphere,1259.54,Out of Stock
17,17,Camera 1,Electronics,GadgetUniverse,1076.4,In Stock
18,18,Camera 1,Electronics,ElectroBuddy,1156.65,In Stock
19,19,Camera 1,Electronics,Innovatech,460.01,In Stock
20,20,Smartwatch 1,Accessories,ElectroWorld,1076.32,In Stock
21,21,Smartwatch 1,Accessories,TechGiant,753.6,In Stock
22,22,Smartwatch 1,Accessories,ElectroBuddy,1279.2,In Stock
23,23,Smartwatch 1,Accessories,TechSphere,898.56,Low Stock
24,24,Smartwatch 1,Accessories,GadgetUniverse,962.28,Out of Stock
25,25,Tablet 1,Electronics,Innovatech,215.84,In Stock
26,26,Tablet 1,Electronics,MantaElectronics,688.8,Out of Stock
27,27,Tablet 1,Electronics,TechGiant,740.6,Low Stock
28,28,Tablet 1,Electronics,ElectroBuddy,868.67,Low Stock
29,29,Tablet 1,Electronics,ElectroWorld,777.0,Out of Stock
30,30,Drone 1,Electronics,ElectroWorld,1213.42,In Stock
31,31,Drone 1,Electronics,TechGiant,348.66,Out of Stock
32,32,Drone 1,Electronics,GadgetUniverse,304.29,In Stock
33,33,Drone 1,Electronics,TechSphere,943.17,In Stock
34,34,Drone 1,Electronics,Innovatech,384.25,Low Stock
35,35,Printer 1,Office Supplies,TechGiant,715.92,Out of Stock
36,36,Printer 1,Office Supplies,MantaElectronics,1338.26,Low Stock
37,37,Printer 1,Office Supplies,GadgetUniverse,628.68,Low Stock
38,38,Printer 1,Office Supplies,Innovatech,243.08,In Stock
39,39,Printer 1,Office Supplies,ElectroWorld,327.6,Low Stock
40,40,Monitor 1,Electronics,TechGiant,885.17,Low Stock
41,41,Monitor 1,Electronics,GadgetUniverse,1577.84,Out of Stock
42,42,Monitor 1,Electronics,MantaElectronics,653.12,Low Stock
43,43,Monitor 1,Electronics,ElectroBuddy,342.1,In Stock
44,44,Monitor 1,Electronics,Innovatech,641.13,Out of Stock
45,45,Keyboard 1,Accessories,TechGiant,429.39,Low Stock
46,46,Keyboard 1,Accessories,GadgetUniverse,262.4,Low Stock
47,47,Keyboard 1,Accessories,MantaElectronics,1168.75,Out of Stock
48,48,Keyboard 1,Accessories,Innovatech,235.42,Low Stock
49,49,Keyboard 1,Accessories,ElectroWorld,1607.19,In Stock
50,50,Mouse 1,Accessories,TechGiant,619.92,Low Stock
51,51,Mouse 1,Accessories,ElectroWorld,856.68,In Stock
52,52,Mouse 1,Accessories,TechSphere,401.28,Out of Stock
53,53,Mouse 1,Accessories,GadgetUniverse,259.88,Low Stock
54,54,Mouse 1,Accessories,MantaElectronics,332.91,In Stock
55,55,Smartphone 2,Electronics,TechSphere,1118.07,Out of Stock
56,56,Smartphone 2,Electronics,Innovatech,1442.75,In Stock
57,57,Smartphone 2,Electronics,ElectroBuddy,407.13,Out of Stock
58,58,Smartphone 2,Electronics,TechGiant,353.92,Low Stock
59,59,Smartphone 2,Electronics,GadgetUniverse,705.79,Low Stock
60,60,Laptop 2,Electronics,Innovatech,931.38,In Stock
61,61,Laptop 2,Electronics,MantaElectronics,448.35,In Stock
62,62,Laptop 2,Electronics,GadgetUniverse,1628.37,In Stock
63,63,Laptop 2,Electronics,TechGiant,628.14,Low Stock
64,64,Laptop 2,Electronics,TechSphere,686.09,Low Stock
65,65,Headphones 2,Accessories,MantaElectronics,1130.16,In Stock
66,66,Headphones 2,Accessories,Innovatech,414.16,Out of Stock
67,67,Headphones 2,Accessories,ElectroWorld,107.64,Out of Stock
68,68,Headphones 2,Accessories,TechGiant,875.0,In Stock
69,69,Headphones 2,Accessories,ElectroBuddy,949.05,Out of Stock
70,70,Camera 2,Electronics,TechSphere,1478.96,Low Stock
71,71,Camera 2,Electronics,GadgetUniverse,465.6,Low Stock
72,72,Camera 2,Electronics,Innovatech,448.0,Low Stock
73,73,Camera 2,Electronics,ElectroBuddy,1540.77,Low Stock
74,74,Camera 2,Electronics,MantaElectronics,68.32,Out of Stock
75,75,Smartwatch 2,Accessories,MantaElectronics,888.93,Out of Stock
76,76,Smartwatch 2,Accessories,TechSphere,1028.16,Out of Stock
77,77,Smartwatch 2,Accessories,GadgetUniverse,804.76,In Stock
78,78,Smartwatch 2,Accessories,TechGiant,409.36,Low Stock
79,79,Smartwatch 2,Accessories,ElectroBuddy,598.0,Out of Stock
80,80,Tablet 2,Electronics,Innovatech,429.66,In Stock
81,81,Tablet 2,Electronics,TechGiant,632.4,Low Stock
82,82,Tablet 2,Electronics,ElectroWorld,1304.1,Low Stock
83,83,Tablet 2,Electronics,TechSphere,1338.24,Low Stock
84,84,Tablet 2,Electronics,GadgetUniverse,383.13,Low Stock
85,85,Drone 2,Electronics,Innovatech,280.54,Out of Stock
86,86,Drone 2,Electronics,ElectroBuddy,877.8,Out of Stock
87,87,Drone 2,Electronics,TechGiant,494.45,Out of Stock
88,88,Drone 2,Electronics,MantaElectronics,1473.39,In Stock
89,89,Drone 2,Electronics,ElectroWorld,267.41,Out of Stock
90,90,Printer 2,Office Supplies,MantaElectronics,286.38,Low Stock
91,91,Printer 2,Office Supplies,Innovatech,616.2,Low Stock
92,92,Printer 2,Office Supplies,TechGiant,961.52,Out of Stock
93,93,Printer 2,Office Supplies,GadgetUniverse,914.4,Out of Stock
94,94,Printer 2,Office Supplies,TechSphere,1315.08,Low Stock
95,95,Monitor 2,Electronics,ElectroBuddy,500.48,Low Stock
96,96,Monitor 2,Electronics,TechSphere,450.85,Low Stock
97,97,Monitor 2,Electronics,GadgetUniverse,1109.98,In Stock
98,98,Monitor 2,Electronics,TechGiant,428.8,Low Stock
99,99,Monitor 2,Electronics,Innovatech,82.5,Out of Stock
100,100,Keyboard 2,Accessories,ElectroWorld,966.47,In Stock
101,101,Keyboard 2,Accessories,MantaElectronics,1332.24,In Stock
102,102,Keyboard 2,Accessories,TechGiant,792.2,In Stock
103,103,Keyboard 2,Accessories,TechSphere,281.75,In Stock
104,104,Keyboard 2,Accessories,ElectroBuddy,532.73,Out of Stock
105,105,Mouse 2,Accessories,MantaElectronics,855.1,Out of Stock
106,106,Mouse 2,Accessories,GadgetUniverse,363.52,Out of Stock
107,107,Mouse 2,Accessories,TechGiant,659.88,Out of Stock
108,108,Mouse 2,Accessories,ElectroWorld,614.68,In Stock
109,109,Mouse 2,Accessories,ElectroBuddy,156.2,In Stock
110,110,Smartphone 3,Electronics,ElectroWorld,986.58,Out of Stock
111,111,Smartphone 3,Electronics,TechGiant,1470.63,Out of Stock
112,112,Smartphone 3,Electronics,ElectroBuddy,209.56,Out of Stock
113,113,Smartphone 3,Electronics,GadgetUniverse,778.44,In Stock
114,114,Smartphone 3,Electronics,MantaElectronics,1124.64,In Stock
115,115,Laptop 3,Electronics,MantaElectronics,954.57,Low Stock
116,116,Laptop 3,Electronics,ElectroBuddy,137.64,In Stock
117,117,Laptop 3,Electronics,ElectroWorld,595.17,In Stock
118,118,Laptop 3,Electronics,TechGiant,999.6,In Stock
119,119,Laptop 3,Electronics,GadgetUniverse,1494.9,Out of Stock
120,120,Headphones 3,Accessories,GadgetUniverse,979.71,Out of Stock
121,121,Headphones 3,Accessories,ElectroBuddy,1250.21,Low Stock
122,122,Headphones 3,Accessories,MantaElectronics,84.6,Low Stock
123,123,Headphones 3,Accessories,TechGiant,546.56,Low Stock
124,124,Headphones 3,Accessories,Innovatech,985.23,Low Stock
125,125,Camera 3,Electronics,Innovatech,844.8,In Stock
126,126,Camera 3,Electronics,ElectroWorld,426.72,Low Stock
127,127,Camera 3,Electronics,GadgetUniverse,268.32,In Stock
128,128,Camera 3,Electronics,TechGiant,1270.5,Out of Stock
129,129,Camera 3,Electronics,MantaElectronics,1106.7,In Stock
130,130,Smartwatch 3,Accessories,GadgetUniverse,1402.38,Out of Stock
131,131,Smartwatch 3,Accessories,ElectroBuddy,1486.68,Low Stock
132,132,Smartwatch 3,Accessories,MantaElectronics,1494.4,In Stock
133,133,Smartwatch 3,Accessories,ElectroWorld,828.39,In Stock
134,134,Smartwatch 3,Accessories,Innovatech,132.08,Low Stock
135,135,Tablet 3,Electronics,MantaElectronics,678.54,Low Stock
136,136,Tablet 3,Electronics,Innovatech,741.48,In Stock
137,137,Tablet 3,Electronics,ElectroWorld,292.64,Low Stock
138,138,Tablet 3,Electronics,TechGiant,1161.44,In Stock
139,139,Tablet 3,Electronics,TechSphere,1218.3,In Stock
140,140,Drone 3,Electronics,Innovatech,802.9,In Stock
141,141,Drone 3,Electronics,TechGiant,917.28,Low Stock
142,142,Drone 3,Electronics,ElectroWorld,197.2,In Stock
143,143,Drone 3,Electronics,MantaElectronics,1189.88,In Stock
144,144,Drone 3,Electronics,ElectroBuddy,584.6,Low Stock
145,145,Printer 3,Office Supplies,TechGiant,95.59,Out of Stock
146,146,Printer 3,Office Supplies,Innovatech,513.15,Low Stock
147,147,Printer 3,Office Supplies,TechSphere,594.0,Out of Stock
148,148,Printer 3,Office Supplies,GadgetUniverse,147.2,In Stock
149,149,Printer 3,Office Supplies,ElectroBuddy,228.14,Out of Stock
150,150,Monitor 3,Electronics,ElectroWorld,915.9,Low Stock
151,151,Monitor 3,Electronics,TechGiant,809.4,In Stock
152,152,Monitor 3,Electronics,Innovatech,317.1,Out of Stock
153,153,Monitor 3,Electronics,GadgetUniverse,748.01,Low Stock
154,154,Monitor 3,Electronics,MantaElectronics,864.36,In Stock
155,155,Keyboard 3,Accessories,Innovatech,943.92,In Stock
156,156,Keyboard 3,Accessories,MantaElectronics,76.86,Out of Stock
157,157,Keyboard 3,Accessories,GadgetUniverse,957.95,Out of Stock
158,158,Keyboard 3,Accessories,TechSphere,941.84,Low Stock
159,159,Keyboard 3,Accessories,TechGiant,580.32,Out of Stock
160,160,Mouse 3,Accessories,MantaElectronics,1314.8,Out of Stock
161,161,Mouse 3,Accessories,ElectroBuddy,112.59,Out of Stock
162,162,Mouse 3,Accessories,ElectroWorld,1151.8,Out of Stock
163,163,Mouse 3,Accessories,Innovatech,726.0,Low Stock
164,164,Mouse 3,Accessories,TechGiant,584.96,Out of Stock
165,165,Smartphone 4,Electronics,ElectroWorld,1267.5,Low Stock
166,166,Smartphone 4,Electronics,GadgetUniverse,1105.44,Out of Stock
167,167,Smartphone 4,Electronics,TechSphere,1048.32,Low Stock
168,168,Smartphone 4,Electronics,ElectroBuddy,1144.13,Out of Stock
169,169,Smartphone 4,Electronics,Innovatech,888.0,Low Stock
170,170,Laptop 4,Electronics,TechGiant,114.3,Out of Stock
171,171,Laptop 4,Electronics,ElectroWorld,509.85,Low Stock
172,172,Laptop 4,Electronics,ElectroBuddy,306.8,Out of Stock
173,173,Laptop 4,Electronics,MantaElectronics,314.16,In Stock
174,174,Laptop 4,Electronics,GadgetUniverse,216.15,In Stock
175,175,Headphones 4,Accessories,TechGiant,656.88,Low Stock
176,176,Headphones 4,Accessories,TechSphere,143.45,In Stock
177,177,Headphones 4,Accessories,ElectroBuddy,494.84,Out of Stock
178,178,Headphones 4,Accessories,Innovatech,191.8,Low Stock
179,179,Headphones 4,Accessories,ElectroWorld,391.28,Out of Stock
180,180,Camera 4,Electronics,Innovatech,1040.82,In Stock
181,181,Camera 4,Electronics,GadgetUniverse,536.32,Low Stock
182,182,Camera 4,Electronics,TechGiant,278.25,In Stock
183,183,Camera 4,Electronics,ElectroBuddy,756.8,In Stock
184,184,Camera 4,Electronics,ElectroWorld,1123.02,Low Stock
185,185,Smartwatch 4,Accessories,TechSphere,1013.94,Low Stock
186,186,Smartwatch 4,Accessories,TechGiant,1083.45,In Stock
187,187,Smartwatch 4,Accessories,Innovatech,227.85,Low Stock
188,188,Smartwatch 4,Accessories,ElectroBuddy,606.15,Low Stock
189,189,Smartwatch 4,Accessories,GadgetUniverse,549.9,In Stock
190,190,Tablet 4,Electronics,MantaElectronics,600.32,Low Stock
191,191,Tablet 4,Electronics,TechSphere,1076.04,In Stock
192,192,Tablet 4,Electronics,TechGiant,1582.4,Out of Stock
193,193,Tablet 4,Electronics,GadgetUniverse,614.4,Low Stock
194,194,Tablet 4,Electronics,ElectroWorld,897.84,Out of Stock
195,195,Drone 4,Electronics,GadgetUniverse,884.8,In Stock
196,196,Drone 4,Electronics,MantaElectronics,1360.12,Out of Stock
197,197,Drone 4,Electronics,TechGiant,395.16,In Stock
198,198,Drone 4,Electronics,ElectroWorld,414.4,In Stock
199,199,Drone 4,Electronics,TechSphere,1531.76,In Stock
200,200,Printer 4,Office Supplies,ElectroBuddy,419.58,In Stock
201,201,Printer 4,Office Supplies,TechSphere,195.57,Low Stock
202,202,Printer 4,Office Supplies,MantaElectronics,1144.32,Out of Stock
203,203,Printer 4,Office Supplies,GadgetUniverse,687.88,In Stock
204,204,Printer 4,Office Supplies,Innovatech,1160.56,Low Stock
205,205,Monitor 4,Electronics,TechSphere,1098.74,Low Stock
206,206,Monitor 4,Electronics,MantaElectronics,962.88,In Stock
207,207,Monitor 4,Electronics,TechGiant,659.19,Low Stock
208,208,Monitor 4,Electronics,ElectroWorld,1276.8,In Stock
209,209,Monitor 4,Electronics,Innovatech,867.15,Out of Stock
210,210,Keyboard 4,Accessories,TechGiant,477.48,Out of Stock
211,211,Keyboard 4,Accessories,ElectroBuddy,222.7,Out of Stock
212,212,Keyboard 4,Accessories,ElectroWorld,1044.89,Low Stock
213,213,Keyboard 4,Accessories,MantaElectronics,597.48,Low Stock
214,214,Keyboard 4,Accessories,GadgetUniverse,787.44,Out of Stock
215,215,Mouse 4,Accessories,GadgetUniverse,990.26,Low Stock
216,216,Mouse 4,Accessories,ElectroWorld,1155.96,Low Stock
217,217,Mouse 4,Accessories,TechSphere,1489.6,Out of Stock
218,218,Mouse 4,Accessories,TechGiant,1439.9,In Stock
219,219,Mouse 4,Accessories,Innovatech,390.32,In Stock
220,220,Smartphone 5,Electronics,GadgetUniverse,758.41,Out of Stock
221,221,Smartphone 5,Electronics,TechGiant,446.96,Out of Stock
222,222,Smartphone 5,Electronics,ElectroBuddy,1306.8,In Stock
223,223,Smartphone 5,Electronics,Innovatech,1172.36,In Stock
224,224,Smartphone 5,Electronics,MantaElectronics,441.09,Out of Stock
225,225,Laptop 5,Electronics,ElectroBuddy,182.56,Low Stock
226,226,Laptop 5,Electronics,ElectroWorld,1107.99,Low Stock
227,227,Laptop 5,Electronics,GadgetUniverse,1168.2,Low Stock
228,228,Laptop 5,Electronics,TechGiant,859.1,In Stock
229,229,Laptop 5,Electronics,TechSphere,1189.2,Low Stock
230,230,Headphones 5,Accessories,MantaElectronics,734.23,In Stock
231,231,Headphones 5,Accessories,GadgetUniverse,1078.0,Out of Stock
232,232,Headphones 5,Accessories,Innovatech,1382.4,In Stock
233,233,Headphones 5,Accessories,ElectroWorld,1260.6,Low Stock
234,234,Headphones 5,Accessories,TechSphere,1047.46,In Stock
235,235,Camera 5,Electronics,MantaElectronics,482.4,Out of Stock
236,236,Camera 5,Electronics,Innovatech,976.64,Out of Stock
237,237,Camera 5,Electronics,TechGiant,1047.8,Out of Stock
238,238,Camera 5,Electronics,ElectroBuddy,938.63,In Stock
239,239,Camera 5,Electronics,TechSphere,664.17,Out of Stock
240,240,Smartwatch 5,Accessories,Innovatech,662.34,In Stock
241,241,Smartwatch 5,Accessories,MantaElectronics,1656.48,Out of Stock
242,242,Smartwatch 5,Accessories,TechSphere,904.43,Low Stock
243,243,Smartwatch 5,Accessories,ElectroBuddy,403.5,In Stock
244,244,Smartwatch 5,Accessories,TechGiant,1690.0,Low Stock
245,245,Tablet 5,Electronics,GadgetUniverse,553.3,In Stock
246,246,Tablet 5,Electronics,ElectroBuddy,470.4,In Stock
247,247,Tablet 5,Electronics,TechSphere,867.21,Low Stock
248,248,Tablet 5,Electronics,TechGiant,236.81,In Stock
249,249,Tablet 5,Electronics,ElectroWorld,241.8,Low Stock
250,250,Drone 5,Electronics,GadgetUniverse,752.07,In Stock
251,251,Drone 5,Electronics,TechGiant,266.4,Out of Stock
252,252,Drone 5,Electronics,MantaElectronics,600.6,In Stock
253,253,Drone 5,Electronics,ElectroBuddy,206.08,Low Stock
254,254,Drone 5,Electronics,ElectroWorld,89.6,Low Stock
255,255,Printer 5,Office Supplies,ElectroBuddy,967.68,Low Stock
256,256,Printer 5,Office Supplies,MantaElectronics,1096.48,In Stock
257,257,Printer 5,Office Supplies,GadgetUniverse,868.18,Out of Stock
258,258,Printer 5,Office Supplies,ElectroWorld,444.6,Out of Stock
259,259,Printer 5,Office Supplies,TechSphere,1084.16,Out of Stock
260,260,Monitor 5,Electronics,ElectroWorld,1134.72,In Stock
261,261,Monitor 5,Electronics,MantaElectronics,638.02,Low Stock
262,262,Monitor 5,Electronics,GadgetUniverse,272.16,Out of Stock
263,263,Monitor 5,Electronics,ElectroBuddy,514.56,Out of Stock
264,264,Monitor 5,Electronics,Innovatech,447.72,Low Stock
265,265,Keyboard 5,Accessories,Innovatech,718.2,Low Stock
266,266,Keyboard 5,Accessories,ElectroBuddy,1071.9,Out of Stock
267,267,Keyboard 5,Accessories,GadgetUniverse,1491.75,Low Stock
268,268,Keyboard 5,Accessories,TechSphere,811.35,In Stock
269,269,Keyboard 5,Accessories,TechGiant,120.08,Low Stock
270,270,Mouse 5,Accessories,ElectroWorld,1008.86,In Stock
271,271,Mouse 5,Accessories,MantaElectronics,1324.68,Out of Stock
272,272,Mouse 5,Accessories,TechSphere,892.43,In Stock
273,273,Mouse 5,Accessories,ElectroBuddy,644.64,Low Stock
274,274,Mouse 5,Accessories,GadgetUniverse,793.16,Low Stock
275,275,Smartphone 6,Electronics,GadgetUniverse,1419.87,Out of Stock
276,276,Smartphone 6,Electronics,TechGiant,932.33,Out of Stock
277,277,Smartphone 6,Electronics,Innovatech,1385.7,In Stock
278,278,Smartphone 6,Electronics,MantaElectronics,973.4,Out of Stock
279,279,Smartphone 6,Electronics,ElectroWorld,836.13,Low Stock
280,280,Laptop 6,Electronics,Innovatech,587.4,In Stock
281,281,Laptop 6,Electronics,ElectroBuddy,294.64,Out of Stock
282,282,Laptop 6,Electronics,TechSphere,354.2,Low Stock
283,283,Laptop 6,Electronics,TechGiant,506.3,Out of Stock
284,284,Laptop 6,Electronics,GadgetUniverse,1582.6,Out of Stock
285,285,Headphones 6,Accessories,ElectroBuddy,1244.88,In Stock
286,286,Headphones 6,Accessories,ElectroWorld,1278.42,Out of Stock
287,287,Headphones 6,Accessories,TechGiant,253.98,Low Stock
288,288,Headphones 6,Accessories,GadgetUniverse,1058.75,Out of Stock
289,289,Headphones 6,Accessories,Innovatech,876.16,Low Stock
290,290,Camera 6,Electronics,ElectroBuddy,1224.6,In Stock
291,291,Camera 6,Electronics,GadgetUniverse,490.86,In Stock
292,292,Camera 6,Electronics,TechGiant,667.8,In Stock
293,293,Camera 6,Electronics,Innovatech,244.0,In Stock
294,294,Camera 6,Electronics,TechSphere,619.85,Low Stock
295,295,Smartwatch 6,Accessories,Innovatech,537.34,Low Stock
296,296,Smartwatch 6,Accessories,ElectroWorld,224.75,Low Stock
297,297,Smartwatch 6,Accessories,GadgetUniverse,807.84,Low Stock
298,298,Smartwatch 6,Accessories,MantaElectronics,268.94,Out of Stock
299,299,Smartwatch 6,Accessories,ElectroBuddy,876.9,Out of Stock
300,300,Tablet 6,Electronics,MantaElectronics,224.01,Out of Stock
301,301,Tablet 6,Electronics,ElectroWorld,690.52,Low Stock
302,302,Tablet 6,Electronics,ElectroBuddy,443.7,Out of Stock
303,303,Tablet 6,Electronics,GadgetUniverse,222.44,Out of Stock
304,304,Tablet 6,Electronics,TechGiant,400.0,Low Stock
305,305,Drone 6,Electronics,Innovatech,1208.35,Low Stock
306,306,Drone 6,Electronics,ElectroWorld,108.9,Low Stock
307,307,Drone 6,Electronics,ElectroBuddy,643.14,Out of Stock
308,308,Drone 6,Electronics,TechSphere,1243.92,Low Stock
309,309,Drone 6,Electronics,TechGiant,394.11,Low Stock
310,310,Printer 6,Office Supplies,MantaElectronics,715.36,In Stock
311,311,Printer 6,Office Supplies,TechSphere,1402.44,In Stock
312,312,Printer 6,Office Supplies,TechGiant,469.26,Low Stock
313,313,Printer 6,Office Supplies,GadgetUniverse,1073.87,In Stock
314,314,Printer 6,Office Supplies,ElectroBuddy,377.19,Out of Stock
315,315,Monitor 6,Electronics,Innovatech,383.04,In Stock
316,316,Monitor 6,Electronics,MantaElectronics,1406.02,In Stock
317,317,Monitor 6,Electronics,ElectroBuddy,172.2,Out of Stock
318,318,Monitor 6,Electronics,TechGiant,971.49,Low Stock
319,319,Monitor 6,Electronics,TechSphere,703.08,In Stock
320,320,Keyboard 6,Accessories,MantaElectronics,1238.36,Out of Stock
321,321,Keyboard 6,Accessories,ElectroWorld,503.88,Out of Stock
322,322,Keyboard 6,Accessories,TechSphere,1049.8,Low Stock
323,323,Keyboard 6,Accessories,ElectroBuddy,605.54,Out of Stock
324,324,Keyboard 6,Accessories,Innovatech,971.8,In Stock
325,325,Mouse 6,Accessories,Innovatech,559.3,Low Stock
326,326,Mouse 6,Accessories,TechSphere,113.96,Low Stock
327,327,Mouse 6,Accessories,MantaElectronics,466.44,Low Stock
328,328,Mouse 6,Accessories,ElectroBuddy,129.78,In Stock
329,329,Mouse 6,Accessories,TechGiant,1140.28,In Stock
330,330,Smartphone 7,Electronics,ElectroWorld,323.33,Low Stock
331,331,Smartphone 7,Electronics,ElectroBuddy,801.55,Low Stock
332,332,Smartphone 7,Electronics,TechGiant,986.7,Low Stock
333,333,Smartphone 7,Electronics,TechSphere,917.28,In Stock
334,334,Smartphone 7,Electronics,GadgetUniverse,1062.41,Low Stock
335,335,Laptop 7,Electronics,TechSphere,348.75,In Stock
336,336,Laptop 7,Electronics,ElectroWorld,760.35,Low Stock
337,337,Laptop 7,Electronics,GadgetUniverse,984.2,In Stock
338,338,Laptop 7,Electronics,ElectroBuddy,366.0,In Stock
339,339,Laptop 7,Electronics,TechGiant,325.49,Low Stock
340,340,Headphones 7,Accessories,TechGiant,460.53,Low Stock
341,341,Headphones 7,Accessories,ElectroBuddy,1181.75,Out of Stock
342,342,Headphones 7,Accessories,ElectroWorld,890.4,Out of Stock
343,343,Headphones 7,Accessories,GadgetUniverse,869.4,Out of Stock
344,344,Headphones 7,Accessories,MantaElectronics,372.97,Low Stock
345,345,Camera 7,Electronics,TechSphere,1097.36,Out of Stock
346,346,Camera 7,Electronics,ElectroWorld,961.34,Out of Stock
347,347,Camera 7,Electronics,MantaElectronics,261.87,In Stock
348,348,Camera 7,Electronics,Innovatech,763.51,Low Stock
349,349,Camera 7,Electronics,TechGiant,70.0,In Stock
350,350,Smartwatch 7,Accessories,Innovatech,850.9,Out of Stock
351,351,Smartwatch 7,Accessories,TechGiant,1080.75,Out of Stock
352,352,Smartwatch 7,Accessories,ElectroWorld,1004.92,Out of Stock
353,353,Smartwatch 7,Accessories,MantaElectronics,1251.2,Out of Stock
354,354,Smartwatch 7,Accessories,ElectroBuddy,1093.5,Out of Stock
355,355,Tablet 7,Electronics,MantaElectronics,1051.82,Low Stock
356,356,Tablet 7,Electronics,ElectroWorld,569.52,Low Stock
357,357,Tablet 7,Electronics,TechSphere,1124.2,Low Stock
358,358,Tablet 7,Electronics,GadgetUniverse,596.82,Out of Stock
359,359,Tablet 7,Electronics,Innovatech,938.32,In Stock
360,360,Drone 7,Electronics,Innovatech,1400.08,In Stock
361,361,Drone 7,Electronics,ElectroBuddy,987.84,Out of Stock
362,362,Drone 7,Electronics,GadgetUniverse,1015.25,Low Stock
363,363,Drone 7,Electronics,ElectroWorld,333.83,Out of Stock
364,364,Drone 7,Electronics,TechGiant,286.44,Out of Stock
365,365,Printer 7,Office Supplies,ElectroWorld,114.4,Low Stock
366,366,Printer 7,Office Supplies,Innovatech,302.84,Low Stock
367,367,Printer 7,Office Supplies,TechGiant,606.9,Out of Stock
368,368,Printer 7,Office Supplies,ElectroBuddy,91.98,Low Stock
369,369,Printer 7,Office Supplies,TechSphere,306.0,Out of Stock
370,370,Monitor 7,Electronics,TechGiant,504.85,Out of Stock
371,371,Monitor 7,Electronics,GadgetUniverse,930.6,In Stock
372,372,Monitor 7,Electronics,ElectroBuddy,1003.03,Low Stock
373,373,Monitor 7,Electronics,Innovatech,253.7,Out of Stock
374,374,Monitor 7,Electronics,MantaElectronics,625.95,Low Stock
375,375,Keyboard 7,Accessories,ElectroWorld,171.99,Out of Stock
376,376,Keyboard 7,Accessories,MantaElectronics,405.28,Out of Stock
377,377,Keyboard 7,Accessories,TechSphere,772.44,Low Stock
378,378,Keyboard 7,Accessories,Innovatech,125.4,Out of Stock
379,379,Keyboard 7,Accessories,GadgetUniverse,652.8,In Stock
380,380,Mouse 7,Accessories,MantaElectronics,384.99,In Stock
381,381,Mouse 7,Accessories,TechSphere,1541.28,In Stock
382,382,Mouse 7,Accessories,ElectroBuddy,1302.88,Low Stock
383,383,Mouse 7,Accessories,Innovatech,627.99,In Stock
384,384,Mouse 7,Accessories,GadgetUniverse,1113.75,Low Stock
385,385,Smartphone 8,Electronics,TechSphere,364.18,Out of Stock
386,386,Smartphone 8,Electronics,ElectroWorld,1048.19,In Stock
387,387,Smartphone 8,Electronics,GadgetUniverse,907.52,In Stock
388,388,Smartphone 8,Electronics,ElectroBuddy,960.0,Out of Stock
389,389,Smartphone 8,Electronics,MantaElectronics,73.08,Out of Stock
390,390,Laptop 8,Electronics,ElectroWorld,275.52,In Stock
391,391,Laptop 8,Electronics,TechGiant,1258.4,Low Stock
392,392,Laptop 8,Electronics,GadgetUniverse,1380.24,Out of Stock
393,393,Laptop 8,Electronics,TechSphere,343.52,Low Stock
394,394,Laptop 8,Electronics,Innovatech,841.62,Out of Stock
395,395,Headphones 8,Accessories,TechSphere,391.14,In Stock
396,396,Headphones 8,Accessories,TechGiant,271.35,In Stock
397,397,Headphones 8,Accessories,ElectroWorld,1432.77,In Stock
398,398,Headphones 8,Accessories,GadgetUniverse,746.91,Out of Stock
399,399,Headphones 8,Accessories,MantaElectronics,522.16,Out of Stock
400,400,Camera 8,Electronics,ElectroBuddy,937.29,In Stock
401,401,Camera 8,Electronics,Innovatech,393.3,Out of Stock
402,402,Camera 8,Electronics,TechSphere,1185.6,In Stock
403,403,Camera 8,Electronics,TechGiant,1272.46,Low Stock
404,404,Camera 8,Electronics,GadgetUniverse,513.76,Out of Stock
405,405,Smartwatch 8,Accessories,TechGiant,203.84,Out of Stock
406,406,Smartwatch 8,Accessories,ElectroWorld,822.51,Low Stock
407,407,Smartwatch 8,Accessories,MantaElectronics,1116.3,In Stock
408,408,Smartwatch 8,Accessories,ElectroBuddy,194.58,In Stock
409,409,Smartwatch 8,Accessories,GadgetUniverse,71.25,In Stock
410,410,Tablet 8,Electronics,ElectroWorld,793.5,Low Stock
411,411,Tablet 8,Electronics,TechSphere,116.85,Out of Stock
412,412,Tablet 8,Electronics,Innovatech,1509.68,Low Stock
413,413,Tablet 8,Electronics,TechGiant,1478.52,Low Stock
414,414,Tablet 8,Electronics,GadgetUniverse,226.08,In Stock
415,415,Drone 8,Electronics,ElectroBuddy,985.5,Low Stock
416,416,Drone 8,Electronics,TechSphere,630.2,Out of Stock
417,417,Drone 8,Electronics,GadgetUniverse,1037.16,Low Stock
418,418,Drone 8,Electronics,MantaElectronics,126.38,Low Stock
419,419,Drone 8,Electronics,TechGiant,973.56,In Stock
420,420,Printer 8,Office Supplies,MantaElectronics,502.44,Low Stock
421,421,Printer 8,Office Supplies,Innovatech,1312.5,Out of Stock
422,422,Printer 8,Office Supplies,TechSphere,264.6,Low Stock
423,423,Printer 8,Office Supplies,ElectroBuddy,1262.08,Out of Stock
424,424,Printer 8,Office Supplies,GadgetUniverse,1064.0,Out of Stock
425,425,Monitor 8,Electronics,MantaElectronics,253.44,In Stock
426,426,Monitor 8,Electronics,Innovatech,260.4,Low Stock
427,427,Monitor 8,Electronics,TechGiant,97.92,In Stock
428,428,Monitor 8,Electronics,TechSphere,827.67,Out of Stock
429,429,Monitor 8,Electronics,ElectroBuddy,1028.31,Out of Stock
430,430,Keyboard 8,Accessories,GadgetUniverse,1165.23,Low Stock
431,431,Keyboard 8,Accessories,Innovatech,686.7,In Stock
432,432,Keyboard 8,Accessories,TechSphere,1215.18,Low Stock
433,433,Keyboard 8,Accessories,ElectroWorld,1117.43,In Stock
434,434,Keyboard 8,Accessories,TechGiant,1174.65,Out of Stock
435,435,Mouse 8,Accessories,TechGiant,928.86,Out of Stock
436,436,Mouse 8,Accessories,Innovatech,709.84,Out of Stock
437,437,Mouse 8,Accessories,ElectroBuddy,324.0,Low Stock
438,438,Mouse 8,Accessories,TechSphere,529.65,Out of Stock
439,439,Mouse 8,Accessories,GadgetUniverse,1015.0,Out of Stock
440,440,Smartphone 9,Electronics,TechSphere,871.01,Low Stock
441,441,Smartphone 9,Electronics,GadgetUniverse,437.5,Out of Stock
442,442,Smartphone 9,Electronics,MantaElectronics,285.6,In Stock
443,443,Smartphone 9,Electronics,Innovatech,612.8,Low Stock
444,444,Smartphone 9,Electronics,ElectroWorld,1327.2,Out of Stock
445,445,Laptop 9,Electronics,ElectroWorld,1438.4,In Stock
446,446,Laptop 9,Electronics,GadgetUniverse,1076.16,Out of Stock
447,447,Laptop 9,Electronics,TechSphere,702.18,In Stock
448,448,Laptop 9,Electronics,MantaElectronics,946.66,In Stock
449,449,Laptop 9,Electronics,ElectroBuddy,130.29,Low Stock
450,450,Headphones 9,Accessories,Innovatech,630.4,In Stock
451,451,Headphones 9,Accessories,ElectroWorld,1312.08,Low Stock
452,452,Headphones 9,Accessories,MantaElectronics,857.6,In Stock
453,453,Headphones 9,Accessories,TechSphere,849.6,Out of Stock
454,454,Headphones 9,Accessories,TechGiant,1096.81,Low Stock
455,455,Camera 9,Electronics,Innovatech,636.48,Low Stock
456,456,Camera 9,Electronics,MantaElectronics,779.22,Out of Stock
457,457,Camera 9,Electronics,ElectroWorld,819.5,In Stock
458,458,Camera 9,Electronics,TechSphere,675.75,In Stock
459,459,Camera 9,Electronics,GadgetUniverse,970.42,In Stock
460,460,Smartwatch 9,Accessories,Innovatech,692.64,Low Stock
461,461,Smartwatch 9,Accessories,TechGiant,1168.24,In Stock
462,462,Smartwatch 9,Accessories,ElectroWorld,1069.64,Low Stock
463,463,Smartwatch 9,Accessories,MantaElectronics,108.81,Low Stock
464,464,Smartwatch 9,Accessories,ElectroBuddy,573.3,Low Stock
465,465,Tablet 9,Electronics,TechSphere,540.6,In Stock
466,466,Tablet 9,Electronics,Innovatech,228.26,In Stock
467,467,Tablet 9,Electronics,MantaElectronics,1092.0,In Stock
468,468,Tablet 9,Electronics,GadgetUniverse,968.66,Out of Stock
469,469,Tablet 9,Electronics,TechGiant,80.92,Low Stock
470,470,Drone 9,Electronics,TechSphere,1495.5,Low Stock
471,471,Drone 9,Electronics,Innovatech,1073.28,Low Stock
472,472,Drone 9,Electronics,GadgetUniverse,1406.02,In Stock
473,473,Drone 9,Electronics,MantaElectronics,568.92,Out of Stock
474,474,Drone 9,Electronics,ElectroWorld,753.61,In Stock
475,475,Printer 9,Office Supplies,ElectroWorld,943.02,Low Stock
476,476,Printer 9,Office Supplies,TechGiant,544.18,Low Stock
477,477,Printer 9,Office Supplies,TechSphere,788.69,Low Stock
478,478,Printer 9,Office Supplies,Innovatech,745.92,Low Stock
479,479,Printer 9,Office Supplies,ElectroBuddy,1038.96,Low Stock
480,480,Monitor 9,Electronics,ElectroBuddy,539.72,Low Stock
481,481,Monitor 9,Electronics,GadgetUniverse,238.0,In Stock
482,482,Monitor 9,Electronics,TechSphere,728.48,Out of Stock
483,483,Monitor 9,Electronics,MantaElectronics,877.46,Low Stock
484,484,Monitor 9,Electronics,TechGiant,222.78,In Stock
485,485,Keyboard 9,Accessories,ElectroWorld,170.24,Low Stock
486,486,Keyboard 9,Accessories,ElectroBuddy,1349.69,In Stock
487,487,Keyboard 9,Accessories,TechGiant,303.0,Low Stock
488,488,Keyboard 9,Accessories,Innovatech,778.7,Out of Stock
489,489,Keyboard 9,Accessories,TechSphere,1221.4,In Stock
490,490,Mouse 9,Accessories,Innovatech,619.08,Out of Stock
491,491,Mouse 9,Accessories,TechGiant,169.4,In Stock
492,492,Mouse 9,Accessories,ElectroBuddy,485.52,Out of Stock
493,493,Mouse 9,Accessories,TechSphere,1608.66,Out of Stock
494,494,Mouse 9,Accessories,MantaElectronics,401.58,In Stock
495,495,Smartphone 10,Electronics,ElectroWorld,800.41,Low Stock
496,496,Smartphone 10,Electronics,TechSphere,688.9,Low Stock
497,497,Smartphone 10,Electronics,GadgetUniverse,89.67,In Stock
498,498,Smartphone 10,Electronics,TechGiant,1046.36,Out of Stock
499,499,Smartphone 10,Electronics,Innovatech,386.4,Low Stock
500,500,Laptop 10,Electronics,ElectroWorld,674.9,In Stock
501,501,Laptop 10,Electronics,ElectroBuddy,823.2,Low Stock
502,502,Laptop 10,Electronics,TechSphere,1096.52,Out of Stock
503,503,Laptop 10,Electronics,Innovatech,983.52,Out of Stock
504,504,Laptop 10,Electronics,TechGiant,527.44,In Stock
505,505,Headphones 10,Accessories,ElectroWorld,745.8,Out of Stock
506,506,Headphones 10,Accessories,GadgetUniverse,992.68,Out of Stock
507,507,Headphones 10,Accessories,MantaElectronics,1285.2,In Stock
508,508,Headphones 10,Accessories,Innovatech,968.88,Low Stock
509,509,Headphones 10,Accessories,TechGiant,444.03,Out of Stock
510,510,Camera 10,Electronics,Innovatech,209.84,In Stock
511,511,Camera 10,Electronics,MantaElectronics,1032.3,Low Stock
512,512,Camera 10,Electronics,TechSphere,773.5,In Stock
513,513,Camera 10,Electronics,TechGiant,961.59,Low Stock
514,514,Camera 10,Electronics,GadgetUniverse,584.29,Out of Stock
515,515,Smartwatch 10,Accessories,ElectroWorld,1022.4,Low Stock
516,516,Smartwatch 10,Accessories,GadgetUniverse,786.48,Out of Stock
517,517,Smartwatch 10,Accessories,Innovatech,922.58,Low Stock
518,518,Smartwatch 10,Accessories,MantaElectronics,221.13,Low Stock
519,519,Smartwatch 10,Accessories,TechGiant,1041.39,Low Stock
520,520,Tablet 10,Electronics,GadgetUniverse,215.43,Out of Stock
521,521,Tablet 10,Electronics,ElectroBuddy,528.48,Out of Stock
522,522,Tablet 10,Electronics,MantaElectronics,1434.0,Out of Stock
523,523,Tablet 10,Electronics,TechSphere,816.96,Out of Stock
524,524,Tablet 10,Electronics,ElectroWorld,305.44,Low Stock
525,525,Drone 10,Electronics,GadgetUniverse,742.17,In Stock
526,526,Drone 10,Electronics,MantaElectronics,444.44,Out of Stock
527,527,Drone 10,Electronics,TechSphere,856.44,In Stock
528,528,Drone 10,Electronics,ElectroBuddy,1165.32,In Stock
529,529,Drone 10,Electronics,Innovatech,89.1,In Stock
530,530,Printer 10,Office Supplies,TechGiant,1154.55,Out of Stock
531,531,Printer 10,Office Supplies,MantaElectronics,169.05,Out of Stock
532,532,Printer 10,Office Supplies,GadgetUniverse,433.58,Out of Stock
533,533,Printer 10,Office Supplies,Innovatech,78.65,In Stock
534,534,Printer 10,Office Supplies,TechSphere,619.15,In Stock
535,535,Monitor 10,Electronics,TechGiant,277.35,Out of Stock
536,536,Monitor 10,Electronics,Innovatech,228.48,In Stock
537,537,Monitor 10,Electronics,MantaElectronics,704.48,In Stock
538,538,Monitor 10,Electronics,TechSphere,913.5,In Stock
539,539,Monitor 10,Electronics,GadgetUniverse,519.72,In Stock
540,540,Keyboard 10,Accessories,TechSphere,547.52,Out of Stock
541,541,Keyboard 10,Accessories,TechGiant,1379.24,Low Stock
542,542,Keyboard 10,Accessories,GadgetUniverse,1292.06,In Stock
543,543,Keyboard 10,Accessories,Innovatech,1234.24,Out of Stock
544,544,Keyboard 10,Accessories,ElectroWorld,560.88,Low Stock
545,545,Mouse 10,Accessories,ElectroBuddy,241.92,Low Stock
546,546,Mouse 10,Accessories,TechSphere,303.6,Low Stock
547,547,Mouse 10,Accessories,MantaElectronics,1147.98,In Stock
548,548,Mouse 10,Accessories,Innovatech,1364.76,In Stock
549,549,Mouse 10,Accessories,GadgetUniverse,823.31,Out of Stock
550,550,Smartphone 11,Electronics,ElectroBuddy,540.64,Low Stock
551,551,Smartphone 11,Electronics,TechGiant,1012.02,Out of Stock
552,552,Smartphone 11,Electronics,GadgetUniverse,469.3,Out of Stock
553,553,Smartphone 11,Electronics,ElectroWorld,830.06,Low Stock
554,554,Smartphone 11,Electronics,Innovatech,929.6,In Stock
555,555,Laptop 11,Electronics,TechGiant,1352.72,Out of Stock
556,556,Laptop 11,Electronics,ElectroWorld,1033.98,In Stock
557,557,Laptop 11,Electronics,GadgetUniverse,306.9,Out of Stock
558,558,Laptop 11,Electronics,TechSphere,381.44,In Stock
559,559,Laptop 11,Electronics,ElectroBuddy,879.6,Out of Stock
560,560,Headphones 11,Accessories,ElectroBuddy,1236.85,In Stock
561,561,Headphones 11,Accessories,ElectroWorld,1069.47,In Stock
562,562,Headphones 11,Accessories,TechSphere,1209.6,Out of Stock
563,563,Headphones 11,Accessories,GadgetUniverse,123.12,In Stock
564,564,Headphones 11,Accessories,TechGiant,671.84,Out of Stock
565,565,Camera 11,Electronics,ElectroWorld,581.49,Out of Stock
566,566,Camera 11,Electronics,Innovatech,442.43,In Stock
567,567,Camera 11,Electronics,MantaElectronics,914.1,In Stock
568,568,Camera 11,Electronics,TechGiant,976.37,Low Stock
569,569,Camera 11,Electronics,GadgetUniverse,391.02,Out of Stock
570,570,Smartwatch 11,Accessories,TechGiant,810.54,Low Stock
571,571,Smartwatch 11,Accessories,Innovatech,454.86,In Stock
572,572,Smartwatch 11,Accessories,GadgetUniverse,938.85,Low Stock
573,573,Smartwatch 11,Accessories,ElectroBuddy,553.41,Low Stock
574,574,Smartwatch 11,Accessories,MantaElectronics,437.76,In Stock
575,575,Tablet 11,Electronics,GadgetUniverse,598.29,In Stock
576,576,Tablet 11,Electronics,ElectroBuddy,685.85,Low Stock
577,577,Tablet 11,Electronics,ElectroWorld,341.64,In Stock
578,578,Tablet 11,Electronics,TechGiant,640.68,In Stock
579,579,Tablet 11,Electronics,MantaElectronics,117.78,In Stock
580,580,Drone 11,Electronics,TechGiant,896.22,Low Stock
581,581,Drone 11,Electronics,GadgetUniverse,696.15,In Stock
582,582,Drone 11,Electronics,TechSphere,399.36,Out of Stock
583,583,Drone 11,Electronics,Innovatech,1117.55,Low Stock
584,584,Drone 11,Electronics,ElectroBuddy,393.8,Out of Stock
585,585,Printer 11,Office Supplies,ElectroWorld,856.56,Out of Stock
586,586,Printer 11,Office Supplies,ElectroBuddy,1362.9,Low Stock
587,587,Printer 11,Office Supplies,Innovatech,979.08,Out of Stock
588,588,Printer 11,Office Supplies,GadgetUniverse,1297.09,Out of Stock
589,589,Printer 11,Office Supplies,MantaElectronics,904.4,Low Stock
590,590,Monitor 11,Electronics,GadgetUniverse,1097.01,In Stock
591,591,Monitor 11,Electronics,TechGiant,1028.87,In Stock
592,592,Monitor 11,Electronics,MantaElectronics,364.18,Low Stock
593,593,Monitor 11,Electronics,ElectroBuddy,1179.31,In Stock
594,594,Monitor 11,Electronics,Innovatech,448.21,In Stock
595,595,Keyboard 11,Accessories,TechSphere,1227.8,Low Stock
596,596,Keyboard 11,Accessories,GadgetUniverse,547.56,In Stock
597,597,Keyboard 11,Accessories,TechGiant,152.44,In Stock
598,598,Keyboard 11,Accessories,ElectroBuddy,454.8,Out of Stock
599,599,Keyboard 11,Accessories,MantaElectronics,1061.72,Out of Stock
600,600,Mouse 11,Accessories,GadgetUniverse,395.66,In Stock
601,601,Mouse 11,Accessories,Innovatech,397.51,Low Stock
602,602,Mouse 11,Accessories,MantaElectronics,507.06,Out of Stock
603,603,Mouse 11,Accessories,ElectroWorld,1010.35,Low Stock
604,604,Mouse 11,Accessories,ElectroBuddy,1583.53,Low Stock
605,605,Smartphone 12,Electronics,ElectroWorld,1026.0,Out of Stock
606,606,Smartphone 12,Electronics,Innovatech,324.7,Out of Stock
607,607,Smartphone 12,Electronics,ElectroBuddy,1529.18,Low Stock
608,608,Smartphone 12,Electronics,TechSphere,617.55,In Stock
609,609,Smartphone 12,Electronics,TechGiant,327.36,In Stock
610,610,Laptop 12,Electronics,TechGiant,366.63,In Stock
611,611,Laptop 12,Electronics,MantaElectronics,188.16,Out of Stock
612,612,Laptop 12,Electronics,ElectroBuddy,847.88,In Stock
613,613,Laptop 12,Electronics,GadgetUniverse,751.4,Low Stock
614,614,Laptop 12,Electronics,TechSphere,155.53,In Stock
615,615,Headphones 12,Accessories,TechGiant,633.6,Low Stock
616,616,Headphones 12,Accessories,GadgetUniverse,337.56,Low Stock
617,617,Headphones 12,Accessories,MantaElectronics,1427.6,In Stock
618,618,Headphones 12,Accessories,TechSphere,315.52,Out of Stock
619,619,Headphones 12,Accessories,Innovatech,995.53,Out of Stock
620,620,Camera 12,Electronics,GadgetUniverse,174.9,Low Stock
621,621,Camera 12,Electronics,TechGiant,1165.23,Out of Stock
622,622,Camera 12,Electronics,MantaElectronics,1232.25,In Stock
623,623,Camera 12,Electronics,TechSphere,479.7,In Stock
624,624,Camera 12,Electronics,Innovatech,125.84,Out of Stock
625,625,Smartwatch 12,Accessories,TechGiant,914.5,Out of Stock
626,626,Smartwatch 12,Accessories,GadgetUniverse,624.24,Out of Stock
627,627,Smartwatch 12,Accessories,Innovatech,544.5,Out of Stock
628,628,Smartwatch 12,Accessories,TechSphere,233.16,In Stock
629,629,Smartwatch 12,Accessories,ElectroBuddy,1088.4,Low Stock
630,630,Tablet 12,Electronics,ElectroWorld,160.16,Low Stock
631,631,Tablet 12,Electronics,TechGiant,658.44,In Stock
632,632,Tablet 12,Electronics,GadgetUniverse,1485.2,In Stock
633,633,Tablet 12,Electronics,MantaElectronics,1569.69,Low Stock
634,634,Tablet 12,Electronics,ElectroBuddy,787.4,Out of Stock
635,635,Drone 12,Electronics,ElectroBuddy,1441.26,Low Stock
636,636,Drone 12,Electronics,Innovatech,508.64,Out of Stock
637,637,Drone 12,Electronics,TechSphere,1314.17,In Stock
638,638,Drone 12,Electronics,GadgetUniverse,727.88,Out of Stock
639,639,Drone 12,Electronics,ElectroWorld,1030.4,Out of Stock
640,640,Printer 12,Office Supplies,MantaElectronics,426.6,Low Stock
641,641,Printer 12,Office Supplies,ElectroBuddy,825.6,Low Stock
642,642,Printer 12,Office Supplies,TechGiant,710.79,In Stock
643,643,Printer 12,Office Supplies,Innovatech,401.31,Low Stock
644,644,Printer 12,Office Supplies,ElectroWorld,955.32,Low Stock
645,645,Monitor 12,Electronics,ElectroBuddy,742.76,Low Stock
646,646,Monitor 12,Electronics,MantaElectronics,1305.71,Low Stock
647,647,Monitor 12,Electronics,ElectroWorld,1087.78,Out of Stock
648,648,Monitor 12,Electronics,Innovatech,202.86,Low Stock
649,649,Monitor 12,Electronics,GadgetUniverse,132.06,In Stock
650,650,Keyboard 12,Accessories,ElectroWorld,827.4,In Stock
651,651,Keyboard 12,Accessories,GadgetUniverse,953.28,Low Stock
652,652,Keyboard 12,Accessories,MantaElectronics,1370.59,Low Stock
653,653,Keyboard 12,Accessories,Innovatech,928.52,Out of Stock
654,654,Keyboard 12,Accessories,ElectroBuddy,153.72,In Stock
655,655,Mouse 12,Accessories,ElectroBuddy,734.47,Low Stock
656,656,Mouse 12,Accessories,Innovatech,571.14,In Stock
657,657,Mouse 12,Accessories,ElectroWorld,940.76,Low Stock
658,658,Mouse 12,Accessories,TechGiant,249.15,In Stock
659,659,Mouse 12,Accessories,MantaElectronics,229.87,Low Stock
660,660,Smartphone 13,Electronics,TechGiant,165.1,Out of Stock
661,661,Smartphone 13,Electronics,ElectroWorld,760.41,Out of Stock
662,662,Smartphone 13,Electronics,ElectroBuddy,908.46,In Stock
663,663,Smartphone 13,Electronics,TechSphere,1507.05,Out of Stock
664,664,Smartphone 13,Electronics,GadgetUniverse,1076.96,Out of Stock
665,665,Laptop 13,Electronics,Innovatech,1004.15,In Stock
666,666,Laptop 13,Electronics,TechGiant,422.5,In Stock
667,667,Laptop 13,Electronics,ElectroBuddy,167.99,In Stock
668,668,Laptop 13,Electronics,MantaElectronics,86.45,Low Stock
669,669,Laptop 13,Electronics,TechSphere,672.62,Low Stock
670,670,Headphones 13,Accessories,Innovatech,234.52,Out of Stock
671,671,Headphones 13,Accessories,ElectroWorld,285.0,In Stock
672,672,Headphones 13,Accessories,TechSphere,242.54,Out of Stock
673,673,Headphones 13,Accessories,GadgetUniverse,1080.72,Low Stock
674,674,Headphones 13,Accessories,ElectroBuddy,1086.3,Low Stock
675,675,Camera 13,Electronics,TechSphere,805.22,Out of Stock
676,676,Camera 13,Electronics,MantaElectronics,583.05,Low Stock
677,677,Camera 13,Electronics,ElectroBuddy,1310.54,Low Stock
678,678,Camera 13,Electronics,GadgetUniverse,793.5,Out of Stock
679,679,Camera 13,Electronics,TechGiant,552.0,Low Stock
680,680,Smartwatch 13,Accessories,MantaElectronics,1260.9,Low Stock
681,681,Smartwatch 13,Accessories,Innovatech,194.04,In Stock
682,682,Smartwatch 13,Accessories,TechSphere,91.08,In Stock
683,683,Smartwatch 13,Accessories,ElectroBuddy,225.6,In Stock
684,684,Smartwatch 13,Accessories,TechGiant,378.12,Out of Stock
685,685,Tablet 13,Electronics,TechGiant,579.34,In Stock
686,686,Tablet 13,Electronics,TechSphere,527.04,Low Stock
687,687,Tablet 13,Electronics,MantaElectronics,497.62,Low Stock
688,688,Tablet 13,Electronics,ElectroWorld,91.14,In Stock
689,689,Tablet 13,Electronics,Innovatech,106.26,Low Stock
690,690,Drone 13,Electronics,Innovatech,223.78,Low Stock
691,691,Drone 13,Electronics,MantaElectronics,772.52,In Stock
692,692,Drone 13,Electronics,TechGiant,1156.65,Low Stock
693,693,Drone 13,Electronics,ElectroWorld,175.84,In Stock
694,694,Drone 13,Electronics,TechSphere,231.28,In Stock
695,695,Printer 13,Office Supplies,TechGiant,1338.82,Low Stock
696,696,Printer 13,Office Supplies,ElectroBuddy,526.47,Out of Stock
697,697,Printer 13,Office Supplies,MantaElectronics,1463.49,In Stock
698,698,Printer 13,Office Supplies,ElectroWorld,350.75,Low Stock
699,699,Printer 13,Office Supplies,GadgetUniverse,151.8,Out of Stock
700,700,Monitor 13,Electronics,ElectroBuddy,397.67,Out of Stock
701,701,Monitor 13,Electronics,MantaElectronics,908.05,Low Stock
702,702,Monitor 13,Electronics,TechSphere,1240.8,In Stock
703,703,Monitor 13,Electronics,TechGiant,793.44,In Stock
704,704,Monitor 13,Electronics,Innovatech,618.69,In Stock
705,705,Keyboard 13,Accessories,TechGiant,1029.6,In Stock
706,706,Keyboard 13,Accessories,ElectroWorld,285.6,Out of Stock
707,707,Keyboard 13,Accessories,Innovatech,219.52,In Stock
708,708,Keyboard 13,Accessories,GadgetUniverse,310.89,Out of Stock
709,709,Keyboard 13,Accessories,MantaElectronics,655.62,Low Stock
710,710,Mouse 13,Accessories,TechGiant,302.26,Low Stock
711,711,Mouse 13,Accessories,ElectroWorld,1177.33,In Stock
712,712,Mouse 13,Accessories,Innovatech,942.48,Out of Stock
713,713,Mouse 13,Accessories,TechSphere,508.68,Out of Stock
714,714,Mouse 13,Accessories,MantaElectronics,214.2,Low Stock
715,715,Smartphone 14,Electronics,Innovatech,1169.98,Low Stock
716,716,Smartphone 14,Electronics,TechSphere,866.58,Out of Stock
717,717,Smartphone 14,Electronics,TechGiant,883.65,Out of Stock
718,718,Smartphone 14,Electronics,ElectroBuddy,171.72,Low Stock
719,719,Smartphone 14,Electronics,GadgetUniverse,183.15,Low Stock
720,720,Laptop 14,Electronics,GadgetUniverse,677.6,Low Stock
721,721,Laptop 14,Electronics,MantaElectronics,1282.48,In Stock
722,722,Laptop 14,Electronics,ElectroWorld,457.52,Low Stock
723,723,Laptop 14,Electronics,ElectroBuddy,664.56,Low Stock
724,724,Laptop 14,Electronics,TechSphere,979.2,Low Stock
725,725,Headphones 14,Accessories,ElectroBuddy,686.56,In Stock
726,726,Headphones 14,Accessories,TechSphere,1467.72,Out of Stock
727,727,Headphones 14,Accessories,MantaElectronics,650.81,Out of Stock
728,728,Headphones 14,Accessories,Innovatech,365.19,Low Stock
729,729,Headphones 14,Accessories,TechGiant,1283.17,In Stock
730,730,Camera 14,Electronics,ElectroBuddy,1428.32,In Stock
731,731,Camera 14,Electronics,ElectroWorld,641.86,Out of Stock
732,732,Camera 14,Electronics,TechGiant,519.0,Out of Stock
733,733,Camera 14,Electronics,MantaElectronics,813.12,In Stock
734,734,Camera 14,Electronics,GadgetUniverse,1110.33,Out of Stock
735,735,Smartwatch 14,Accessories,GadgetUniverse,924.56,Low Stock
736,736,Smartwatch 14,Accessories,TechGiant,301.32,Low Stock
737,737,Smartwatch 14,Accessories,TechSphere,1361.7,Out of Stock
738,738,Smartwatch 14,Accessories,ElectroWorld,454.02,Low Stock
739,739,Smartwatch 14,Accessories,Innovatech,325.68,Low Stock
740,740,Tablet 14,Electronics,GadgetUniverse,339.25,In Stock
741,741,Tablet 14,Electronics,Innovatech,612.0,Low Stock
742,742,Tablet 14,Electronics,MantaElectronics,1094.8,In Stock
743,743,Tablet 14,Electronics,TechGiant,302.76,Low Stock
744,744,Tablet 14,Electronics,TechSphere,918.5,In Stock
745,745,Drone 14,Electronics,TechSphere,949.2,Low Stock
746,746,Drone 14,Electronics,GadgetUniverse,336.69,Low Stock
747,747,Drone 14,Electronics,ElectroWorld,1205.28,In Stock
748,748,Drone 14,Electronics,TechGiant,740.37,In Stock
749,749,Drone 14,Electronics,Innovatech,702.8,Low Stock
750,750,Printer 14,Office Supplies,ElectroBuddy,1117.2,Low Stock
751,751,Printer 14,Office Supplies,TechSphere,1332.45,Out of Stock
752,752,Printer 14,Office Supplies,ElectroWorld,1112.16,Low Stock
753,753,Printer 14,Office Supplies,MantaElectronics,629.46,Out of Stock
754,754,Printer 14,Office Supplies,Innovatech,336.35,Out of Stock
755,755,Monitor 14,Electronics,ElectroWorld,353.05,In Stock
756,756,Monitor 14,Electronics,ElectroBuddy,586.16,In Stock
757,757,Monitor 14,Electronics,Innovatech,610.73,In Stock
758,758,Monitor 14,Electronics,MantaElectronics,1532.2,Low Stock
759,759,Monitor 14,Electronics,TechSphere,1320.6,Low Stock
760,760,Keyboard 14,Accessories,GadgetUniverse,565.76,In Stock
761,761,Keyboard 14,Accessories,MantaElectronics,838.35,Low Stock
762,762,Keyboard 14,Accessories,TechGiant,907.18,In Stock
763,763,Keyboard 14,Accessories,Innovatech,193.17,Out of Stock
764,764,Keyboard 14,Accessories,TechSphere,883.06,Out of Stock
765,765,Mouse 14,Accessories,ElectroWorld,194.79,Low Stock
766,766,Mouse 14,Accessories,ElectroBuddy,1235.52,In Stock
767,767,Mouse 14,Accessories,MantaElectronics,1120.0,In Stock
768,768,Mouse 14,Accessories,GadgetUniverse,99.82,In Stock
769,769,Mouse 14,Accessories,TechGiant,1378.7,Low Stock
770,770,Smartphone 15,Electronics,Innovatech,261.67,Low Stock
771,771,Smartphone 15,Electronics,ElectroWorld,448.05,Out of Stock
772,772,Smartphone 15,Electronics,GadgetUniverse,1269.48,Low Stock
773,773,Smartphone 15,Electronics,TechSphere,872.3,Out of Stock
774,774,Smartphone 15,Electronics,TechGiant,521.6,In Stock
775,775,Laptop 15,Electronics,ElectroWorld,706.82,Out of Stock
776,776,Laptop 15,Electronics,ElectroBuddy,535.08,Low Stock
777,777,Laptop 15,Electronics,GadgetUniverse,1121.97,In Stock
778,778,Laptop 15,Electronics,TechSphere,1207.33,Low Stock
779,779,Laptop 15,Electronics,MantaElectronics,519.68,Out of Stock
780,780,Headphones 15,Accessories,ElectroBuddy,1038.24,Low Stock
781,781,Headphones 15,Accessories,GadgetUniverse,523.32,Low Stock
782,782,Headphones 15,Accessories,MantaElectronics,803.0,Low Stock
783,783,Headphones 15,Accessories,ElectroWorld,104.25,Out of Stock
784,784,Headphones 15,Accessories,TechSphere,273.28,Out of Stock
785,785,Camera 15,Electronics,GadgetUniverse,1455.82,Low Stock
786,786,Camera 15,Electronics,ElectroBuddy,653.64,In Stock
787,787,Camera 15,Electronics,TechGiant,795.17,Out of Stock
788,788,Camera 15,Electronics,MantaElectronics,417.69,Low Stock
789,789,Camera 15,Electronics,ElectroWorld,286.96,In Stock
790,790,Smartwatch 15,Accessories,Innovatech,1002.78,In Stock
791,791,Smartwatch 15,Accessories,TechGiant,1123.12,Low Stock
792,792,Smartwatch 15,Accessories,TechSphere,1213.82,Out of Stock
793,793,Smartwatch 15,Accessories,MantaElectronics,1489.94,Low Stock
794,794,Smartwatch 15,Accessories,GadgetUniverse,1160.65,Low Stock
795,795,Tablet 15,Electronics,ElectroBuddy,575.17,In Stock
796,796,Tablet 15,Electronics,Innovatech,523.6,Low Stock
797,797,Tablet 15,Electronics,TechSphere,286.77,In Stock
798,798,Tablet 15,Electronics,GadgetUniverse,1234.32,Low Stock
799,799,Tablet 15,Electronics,TechGiant,964.62,Out of Stock
800,800,Drone 15,Electronics,ElectroWorld,68.9,Out of Stock
801,801,Drone 15,Electronics,TechGiant,790.51,Low Stock
802,802,Drone 15,Electronics,MantaElectronics,887.5,Out of Stock
803,803,Drone 15,Electronics,GadgetUniverse,332.28,In Stock
804,804,Drone 15,Electronics,TechSphere,169.88,Out of Stock
805,805,Printer 15,Office Supplies,Innovatech,296.06,Low Stock
806,806,Printer 15,Office Supplies,GadgetUniverse,914.62,In Stock
807,807,Printer 15,Office Supplies,TechGiant,123.05,Low Stock
808,808,Printer 15,Office Supplies,ElectroBuddy,185.6,Low Stock
809,809,Printer 15,Office Supplies,TechSphere,876.96,Out of Stock
810,810,Monitor 15,Electronics,ElectroWorld,329.22,Low Stock
811,811,Monitor 15,Electronics,TechSphere,760.24,Low Stock
812,812,Monitor 15,Electronics,Innovatech,1161.1,In Stock
813,813,Monitor 15,Electronics,TechGiant,1064.36,In Stock
814,814,Monitor 15,Electronics,GadgetUniverse,147.29,Out of Stock
815,815,Keyboard 15,Accessories,TechSphere,773.5,Low Stock
816,816,Keyboard 15,Accessories,MantaElectronics,1346.8,In Stock
817,817,Keyboard 15,Accessories,ElectroBuddy,408.2,In Stock
818,818,Keyboard 15,Accessories,Innovatech,996.3,Out of Stock
819,819,Keyboard 15,Accessories,GadgetUniverse,160.65,Low Stock
820,820,Mouse 15,Accessories,ElectroBuddy,513.57,In Stock
821,821,Mouse 15,Accessories,ElectroWorld,664.24,In Stock
822,822,Mouse 15,Accessories,GadgetUniverse,683.63,In Stock
823,823,Mouse 15,Accessories,TechGiant,1009.14,Low Stock
824,824,Mouse 15,Accessories,MantaElectronics,513.92,Out of Stock
825,825,Smartphone 16,Electronics,ElectroBuddy,81.95,Low Stock
826,826,Smartphone 16,Electronics,Innovatech,902.48,In Stock
827,827,Smartphone 16,Electronics,ElectroWorld,1368.06,Out of Stock
828,828,Smartphone 16,Electronics,TechGiant,907.5,Low Stock
829,829,Smartphone 16,Electronics,TechSphere,1200.48,Out of Stock
830,830,Laptop 16,Electronics,ElectroBuddy,392.49,In Stock
831,831,Laptop 16,Electronics,Innovatech,606.3,Low Stock
832,832,Laptop 16,Electronics,ElectroWorld,1364.76,In Stock
833,833,Laptop 16,Electronics,TechGiant,234.9,Low Stock
834,834,Laptop 16,Electronics,GadgetUniverse,520.8,In Stock
835,835,Headphones 16,Accessories,Innovatech,1006.2,In Stock
836,836,Headphones 16,Accessories,TechSphere,1374.92,Low Stock
837,837,Headphones 16,Accessories,ElectroWorld,556.26,Low Stock
838,838,Headphones 16,Accessories,GadgetUniverse,1092.5,Low Stock
839,839,Headphones 16,Accessories,MantaElectronics,548.24,Out of Stock
840,840,Camera 16,Electronics,GadgetUniverse,759.43,In Stock
841,841,Camera 16,Electronics,TechSphere,1087.83,Low Stock
842,842,Camera 16,Electronics,TechGiant,1382.52,Low Stock
843,843,Camera 16,Electronics,MantaElectronics,437.76,In Stock
844,844,Camera 16,Electronics,ElectroBuddy,485.0,Out of Stock
845,845,Smartwatch 16,Accessories,GadgetUniverse,496.12,Low Stock
846,846,Smartwatch 16,Accessories,Innovatech,78.88,In Stock
847,847,Smartwatch 16,Accessories,MantaElectronics,1209.09,In Stock
848,848,Smartwatch 16,Accessories,ElectroWorld,383.46,Out of Stock
849,849,Smartwatch 16,Accessories,TechGiant,833.16,Low Stock
850,850,Tablet 16,Electronics,TechSphere,1106.82,Low Stock
851,851,Tablet 16,Electronics,MantaElectronics,644.0,Out of Stock
852,852,Tablet 16,Electronics,ElectroWorld,744.18,In Stock
853,853,Tablet 16,Electronics,ElectroBuddy,847.32,In Stock
854,854,Tablet 16,Electronics,TechGiant,1228.08,Low Stock
855,855,Drone 16,Electronics,TechSphere,216.58,Out of Stock
856,856,Drone 16,Electronics,TechGiant,1032.92,Out of Stock
857,857,Drone 16,Electronics,MantaElectronics,817.8,Low Stock
858,858,Drone 16,Electronics,ElectroWorld,720.36,In Stock
859,859,Drone 16,Electronics,GadgetUniverse,1487.64,Out of Stock
860,860,Printer 16,Office Supplies,TechGiant,816.48,Low Stock
861,861,Printer 16,Office Supplies,ElectroWorld,338.8,Low Stock
862,862,Printer 16,Office Supplies,MantaElectronics,976.95,Out of Stock
863,863,Printer 16,Office Supplies,Innovatech,1064.7,In Stock
864,864,Printer 16,Office Supplies,ElectroBuddy,1027.0,In Stock
865,865,Monitor 16,Electronics,Innovatech,922.72,Out of Stock
866,866,Monitor 16,Electronics,GadgetUniverse,346.84,In Stock
867,867,Monitor 16,Electronics,TechSphere,678.0,In Stock
868,868,Monitor 16,Electronics,MantaElectronics,92.66,In Stock
869,869,Monitor 16,Electronics,ElectroWorld,1139.8,Low Stock
870,870,Keyboard 16,Accessories,TechSphere,453.87,In Stock
871,871,Keyboard 16,Accessories,ElectroWorld,363.05,Out of Stock
872,872,Keyboard 16,Accessories,ElectroBuddy,1271.7,Out of Stock
873,873,Keyboard 16,Accessories,MantaElectronics,1130.36,Out of Stock
874,874,Keyboard 16,Accessories,Innovatech,1022.13,Out of Stock
875,875,Mouse 16,Accessories,GadgetUniverse,1170.4,Low Stock
876,876,Mouse 16,Accessories,ElectroWorld,162.72,Out of Stock
877,877,Mouse 16,Accessories,MantaElectronics,525.0,Out of Stock
878,878,Mouse 16,Accessories,ElectroBuddy,963.75,In Stock
879,879,Mouse 16,Accessories,TechSphere,500.64,Out of Stock
880,880,Smartphone 17,Electronics,TechSphere,1228.75,Out of Stock
881,881,Smartphone 17,Electronics,ElectroWorld,599.64,In Stock
882,882,Smartphone 17,Electronics,MantaElectronics,1083.6,Low Stock
883,883,Smartphone 17,Electronics,GadgetUniverse,1047.96,Low Stock
884,884,Smartphone 17,Electronics,TechGiant,324.82,Low Stock
885,885,Laptop 17,Electronics,Innovatech,666.9,Low Stock
886,886,Laptop 17,Electronics,ElectroWorld,1251.66,Low Stock
887,887,Laptop 17,Electronics,GadgetUniverse,438.9,Low Stock
888,888,Laptop 17,Electronics,MantaElectronics,460.04,In Stock
889,889,Laptop 17,Electronics,TechGiant,93.94,Out of Stock
890,890,Headphones 17,Accessories,Innovatech,329.4,In Stock
891,891,Headphones 17,Accessories,MantaElectronics,226.32,In Stock
892,892,Headphones 17,Accessories,ElectroBuddy,1079.65,In Stock
893,893,Headphones 17,Accessories,GadgetUniverse,1490.68,In Stock
894,894,Headphones 17,Accessories,ElectroWorld,747.86,Low Stock
895,895,Camera 17,Electronics,Innovatech,501.6,Out of Stock
896,896,Camera 17,Electronics,ElectroBuddy,1170.0,Low Stock
897,897,Camera 17,Electronics,TechSphere,71.82,Out of Stock
898,898,Camera 17,Electronics,MantaElectronics,1143.9,In Stock
899,899,Camera 17,Electronics,GadgetUniverse,513.75,Out of Stock
900,900,Smartwatch 17,Accessories,TechSphere,365.2,Out of Stock
901,901,Smartwatch 17,Accessories,MantaElectronics,435.05,Low Stock
902,902,Smartwatch 17,Accessories,TechGiant,623.28,Low Stock
903,903,Smartwatch 17,Accessories,Innovatech,645.61,Out of Stock
904,904,Smartwatch 17,Accessories,ElectroBuddy,166.75,Out of Stock
905,905,Tablet 17,Electronics,TechSphere,702.24,In Stock
906,906,Tablet 17,Electronics,TechGiant,988.68,Low Stock
907,907,Tablet 17,Electronics,ElectroBuddy,945.84,In Stock
908,908,Tablet 17,Electronics,GadgetUniverse,694.26,Out of Stock
909,909,Tablet 17,Electronics,MantaElectronics,727.87,In Stock
910,910,Drone 17,Electronics,GadgetUniverse,879.12,Low Stock
911,911,Drone 17,Electronics,ElectroWorld,334.56,Out of Stock
912,912,Drone 17,Electronics,ElectroBuddy,245.28,In Stock
913,913,Drone 17,Electronics,TechGiant,1110.0,Low Stock
914,914,Drone 17,Electronics,TechSphere,741.0,Out of Stock
915,915,Printer 17,Office Supplies,TechGiant,1062.4,Low Stock
916,916,Printer 17,Office Supplies,MantaElectronics,805.14,Out of Stock
917,917,Printer 17,Office Supplies,ElectroBuddy,243.44,Low Stock
918,918,Printer 17,Office Supplies,GadgetUniverse,1553.65,In Stock
919,919,Printer 17,Office Supplies,Innovatech,841.34,In Stock
920,920,Monitor 17,Electronics,TechGiant,843.2,Out of Stock
921,921,Monitor 17,Electronics,Innovatech,205.0,In Stock
922,922,Monitor 17,Electronics,MantaElectronics,683.88,In Stock
923,923,Monitor 17,Electronics,ElectroWorld,853.05,Out of Stock
924,924,Monitor 17,Electronics,GadgetUniverse,1243.62,In Stock
925,925,Keyboard 17,Accessories,MantaElectronics,728.96,Low Stock
926,926,Keyboard 17,Accessories,ElectroWorld,111.72,Out of Stock
927,927,Keyboard 17,Accessories,GadgetUniverse,1244.6,Low Stock
928,928,Keyboard 17,Accessories,TechSphere,708.51,Out of Stock
929,929,Keyboard 17,Accessories,TechGiant,1125.3,Out of Stock
930,930,Mouse 17,Accessories,GadgetUniverse,107.88,In Stock
931,931,Mouse 17,Accessories,ElectroWorld,487.64,Low Stock
932,932,Mouse 17,Accessories,TechSphere,700.6,Out of Stock
933,933,Mouse 17,Accessories,MantaElectronics,792.54,Low Stock
934,934,Mouse 17,Accessories,TechGiant,979.08,Low Stock
935,935,Smartphone 18,Electronics,Innovatech,303.15,Low Stock
936,936,Smartphone 18,Electronics,TechGiant,707.84,Low Stock
937,937,Smartphone 18,Electronics,TechSphere,1096.46,In Stock
938,938,Smartphone 18,Electronics,MantaElectronics,1391.67,Low Stock
939,939,Smartphone 18,Electronics,ElectroWorld,1123.12,Low Stock
940,940,Laptop 18,Electronics,ElectroBuddy,266.4,Out of Stock
941,941,Laptop 18,Electronics,Innovatech,473.68,Out of Stock
942,942,Laptop 18,Electronics,TechGiant,1135.68,Out of Stock
943,943,Laptop 18,Electronics,MantaElectronics,417.45,In Stock
944,944,Laptop 18,Electronics,ElectroWorld,905.76,Low Stock
945,945,Headphones 18,Accessories,Innovatech,755.82,Low Stock
946,946,Headphones 18,Accessories,TechGiant,908.71,Out of Stock
947,947,Headphones 18,Accessories,GadgetUniverse,289.17,Out of Stock
948,948,Headphones 18,Accessories,ElectroWorld,1051.2,Out of Stock
949,949,Headphones 18,Accessories,MantaElectronics,447.59,In Stock
950,950,Camera 18,Electronics,ElectroBuddy,212.16,Out of Stock
951,951,Camera 18,Electronics,TechGiant,765.93,In Stock
952,952,Camera 18,Electronics,ElectroWorld,229.87,In Stock
953,953,Camera 18,Electronics,GadgetUniverse,838.98,Low Stock
954,954,Camera 18,Electronics,Innovatech,652.8,In Stock
955,955,Smartwatch 18,Accessories,MantaElectronics,600.6,Out of Stock
956,956,Smartwatch 18,Accessories,Innovatech,715.29,In Stock
957,957,Smartwatch 18,Accessories,GadgetUniverse,1070.65,Out of Stock
958,958,Smartwatch 18,Accessories,ElectroWorld,1109.82,In Stock
959,959,Smartwatch 18,Accessories,TechGiant,754.6,Out of Stock
960,960,Tablet 18,Electronics,TechSphere,508.2,Out of Stock
961,961,Tablet 18,Electronics,Innovatech,84.5,Out of Stock
962,962,Tablet 18,Electronics,GadgetUniverse,130.34,In Stock
963,963,Tablet 18,Electronics,MantaElectronics,1376.76,Low Stock
964,964,Tablet 18,Electronics,TechGiant,528.96,Out of Stock
965,965,Drone 18,Electronics,Innovatech,1638.42,Out of Stock
966,966,Drone 18,Electronics,TechGiant,952.5,In Stock
967,967,Drone 18,Electronics,MantaElectronics,341.28,Low Stock
968,968,Drone 18,Electronics,GadgetUniverse,1307.32,Low Stock
969,969,Drone 18,Electronics,TechSphere,670.8,Low Stock
970,970,Printer 18,Office Supplies,ElectroBuddy,1096.26,Out of Stock
971,971,Printer 18,Office Supplies,GadgetUniverse,463.32,In Stock
972,972,Printer 18,Office Supplies,TechGiant,196.35,Low Stock
973,973,Printer 18,Office Supplies,ElectroWorld,333.25,Out of Stock
974,974,Printer 18,Office Supplies,MantaElectronics,1420.96,In Stock
975,975,Monitor 18,Electronics,Innovatech,83.74,Low Stock
976,976,Monitor 18,Electronics,GadgetUniverse,129.2,Out of Stock
977,977,Monitor 18,Electronics,TechGiant,763.72,In Stock
978,978,Monitor 18,Electronics,ElectroWorld,443.7,Low Stock
979,979,Monitor 18,Electronics,MantaElectronics,1386.72,In Stock
980,980,Keyboard 18,Accessories,Innovatech,403.38,In Stock
981,981,Keyboard 18,Accessories,ElectroBuddy,180.32,Out of Stock
982,982,Keyboard 18,Accessories,TechGiant,1585.3,In Stock
983,983,Keyboard 18,Accessories,MantaElectronics,320.28,Low Stock
984,984,Keyboard 18,Accessories,GadgetUniverse,773.37,Out of Stock
985,985,Mouse 18,Accessories,TechGiant,515.0,In Stock
986,986,Mouse 18,Accessories,Innovatech,1135.82,In Stock
987,987,Mouse 18,Accessories,ElectroWorld,921.3,Low Stock
988,988,Mouse 18,Accessories,ElectroBuddy,412.5,In Stock
989,989,Mouse 18,Accessories,TechSphere,404.8,Low Stock
990,990,Smartphone 19,Electronics,TechSphere,828.85,Out of Stock
991,991,Smartphone 19,Electronics,ElectroWorld,1045.45,Out of Stock
992,992,Smartphone 19,Electronics,ElectroBuddy,586.71,Out of Stock
993,993,Smartphone 19,Electronics,Innovatech,546.25,Low Stock
994,994,Smartphone 19,Electronics,TechGiant,218.5,Out of Stock
995,995,Laptop 19,Electronics,Innovatech,1213.26,In Stock
996,996,Laptop 19,Electronics,GadgetUniverse,761.3,Out of Stock
997,997,Laptop 19,Electronics,TechGiant,1101.92,Low Stock
998,998,Laptop 19,Electronics,ElectroBuddy,1339.84,Low Stock
999,999,Laptop 19,Electronics,ElectroWorld,490.56,Out of Stock
